segment;change_rate
1;0.3333333333333333
2;0.3333333333333333
3;1.0
4;0.6666666666666666
5;0.5
6;0.5
7;0.6666666666666666
8;0.8
9;1.0
10;0.3333333333333333
11;0.5
12;0.25
13;0.4
14;0.5
15;0.8
16;1.0
17;0.75
18;0.8333333333333334
19;0.6
20;1.0
21;1.0
22;0.5
23;0.75
24;1.0
25;0.6666666666666666
26;0.8
27;1.0
28;0.875
29;0.5
30;0.4
31;1.0
32;0.6666666666666666
33;0.5
34;0.9
35;1.0
36;0.6666666666666666
37;0.7777777777777778
38;0.875
39;0.25
