segment;change_rate
1;1.0
2;0.5
3;0.6666666666666666
4;0.6666666666666666
5;1.0
6;1.0
7;1.0
8;0.3333333333333333
9;0.25
10;1.0
11;1.0
12;0.5
13;0.5
14;0.6666666666666666
15;0.6666666666666666
16;0.5
17;0.5
18;1.0
19;0.6
20;0.7142857142857143
21;1.0
22;0.5
23;0.875
24;0.2
25;1.0
26;0.3333333333333333
27;1.0
28;0.4
