segment;change_rate
1;0.5
2;0.3333333333333333
3;0.6666666666666666
4;0.5
5;0.5
6;0.5
7;0.3333333333333333
