segment;change_rate
1;0.5
2;0.5
3;0.5
4;0.5
5;0.5
6;0.6666666666666666
7;0.14285714285714285
8;1.0
9;0.6666666666666666
10;1.0
11;0.5
12;0.6666666666666666
13;0.5
14;0.5
15;0.5
16;0.8
17;0.7142857142857143
18;0.2
