segment;change_rate
1;0.3333333333333333
2;0.6666666666666666
3;0.4
4;0.5
5;0.6666666666666666
6;0.16666666666666666
7;0.14285714285714285
