segment;change_rate
1;0.9655172413793104
2;0.9411764705882353
3;1.0
4;1.0
5;1.0
6;1.0
7;0.9090909090909091
8;1.0
9;0.9411764705882353
10;0.8857142857142857
11;0.9565217391304348
12;1.0
13;1.0
14;1.0
15;1.0
16;0.95
17;1.0
18;1.0
19;1.0
20;1.0
21;1.0
22;0.9629629629629629
23;0.96
24;0.9411764705882353
