segment;change_rate
1;1.0
2;1.0
3;1.0
4;0.5555555555555556
5;0.625
6;1.0
7;1.0
8;1.0
9;0.875
10;0.7777777777777778
11;1.0
12;1.0
13;0.9
14;0.9
15;0.7142857142857143
